<soap:Envelope xmlns:soap="http://www.w3.org/2003/05/soap-envelope">
   <soap:Body>
      <soap:Fault>
         <soap:Code>
            <soap:Value>soap:Receiver</soap:Value>
         </soap:Code>
         <soap:Reason>
            <soap:Text xml:lang="en">Could not open JPA EntityManager for transaction; nested exception is javax.persistence.PersistenceException: org.hibernate.exception.JDBCConnectionException: Cannot open connection</soap:Text>
         </soap:Reason>
      </soap:Fault>
   </soap:Body>
</soap:Envelope>