<soap:Envelope xmlns:soap="http://www.w3.org/2003/05/soap-envelope">
   <soap:Body>
      <ns2:getResponseMessageResponse xmlns:ns2="http://response.webservices.taxbr.ta.thomsonreuters.com/">
         <return>
            <PROTOCOL_NUMBER>1ee76953-3d10-48eb-8cc7-2625409affd1</PROTOCOL_NUMBER>
            <RESPONSE_MESSAGE_LIST>
               <RESPONSE_MESSAGE>Centro de Custo: CNPJ (Código da Central de Cadastros) 55231342000104, Código CC001 e Data Inicial 2014-01-01.
Registro informado não contém alterações em relação ao cadastro já existente. O registro foi ignorado.</RESPONSE_MESSAGE>
            </RESPONSE_MESSAGE_LIST>
         </return>
      </ns2:getResponseMessageResponse>
   </soap:Body>
</soap:Envelope>