<soap:Envelope xmlns:soap="http://www.w3.org/2003/05/soap-envelope">
   <soap:Body>
      <ns2:getResponseMessageResponse xmlns:ns2="http://response.webservices.taxbr.ta.thomsonreuters.com/">
         <return>
            <PROTOCOL_NUMBER>7d8f4e46-309c-427d-9c1e-949874815f4e</PROTOCOL_NUMBER>
            <RESPONSE_MESSAGE_LIST>
               <RESPONSE_MESSAGE>Integrado com sucesso.</RESPONSE_MESSAGE>
            </RESPONSE_MESSAGE_LIST>
         </return>
      </ns2:getResponseMessageResponse>
   </soap:Body>
</soap:Envelope>