<soap:Envelope xmlns:soap="http://www.w3.org/2003/05/soap-envelope">
   <soap:Body>
      <ns2:getResponseMessageResponse xmlns:ns2="http://response.webservices.taxbr.ta.thomsonreuters.com/">
         <return>
            <PROTOCOL_NUMBER>d40757ad-6823-4b42-b24a-0d909bd0c3c2</PROTOCOL_NUMBER>
            <RESPONSE_MESSAGE_LIST>
               <RESPONSE_MESSAGE>Aguarde um momento. O registro está sendo integrado.</RESPONSE_MESSAGE>
            </RESPONSE_MESSAGE_LIST>
         </return>
      </ns2:getResponseMessageResponse>
   </soap:Body>
</soap:Envelope>